signal,mean_ic,ic_t_stat,sharpe,sharpe_per_period,n_periods,annual_turnover,max_drawdown,skew,excess_kurtosis,naive_p_value,deflated_iid,survives_iid,deflated_observed,survives_observed,survives_bh
mom_12_0,0.07094292179986887,8.738875170313625,0.4613296949036735,0.1331744117689019,1190,3.9746888176097395,-0.46749483785514523,-2.5118393323841817,23.90849671014852,0.0,0.980196265606887,True,0.1358468309294278,False,True
mom_12_1,0.06439116000418556,8.085961791406305,0.3932510391116605,0.11352179664510863,1189,3.971760365030704,-0.47996865464377514,-2.809624876536732,28.140822401017775,6.661338147750939e-16,0.9343312931099208,False,0.04636056048546852,False,True
mom_9_0,0.056047971500150784,6.997383510185232,0.35977600841213825,0.10385838765235855,1193,4.7227718343688885,-0.47745288019162135,-2.1031828446317498,20.026730120842014,2.6079138848444927e-12,0.9023407312459946,False,0.019307577041537214,False,True
mom_9_2,0.05531063459605501,6.997557280990758,0.3569222676350078,0.10303458364942171,1191,4.712455694601834,-0.37958391633160204,-2.6844859844897666,25.415798435800074,2.6045832157706172e-12,0.8914848884041646,False,0.020913599905268702,False,True
mom_9_1,0.05259730937290737,6.626591990826177,0.35114467984413705,0.10136673771625875,1192,4.7173808193938465,-0.37350742499818956,-2.5782137673026275,27.03999304348564,3.4352520827951594e-11,0.8832158408411724,False,0.018037054594515118,False,True
mom_12_2,0.055689288168840466,7.01874157732894,0.3129717726633962,0.09034716859798309,1188,3.9680997993069105,-0.5327374890920733,-2.8664075286149306,27.565874444236705,2.2386537068541656e-12,0.8065331260844347,False,0.007425868662273994,False,True
mom_6_0,0.04986140056406043,6.364928203732636,0.25618270644745833,0.07395357726458347,1196,5.880157612481702,-0.6151856046606778,-2.3472281457987783,18.70630198580754,1.953810446764237e-10,0.6523347382953696,False,0.0010446757506306634,False,True
mom_18_0,0.04977506351925134,6.178082782767584,0.2544858330701185,0.07346373211398954,1184,3.2893214934096333,-0.5134535261859546,-2.5934509403116643,23.55427381132006,6.488469761478655e-10,0.6445749554846416,False,0.001152403698585518,False,True
mom_6_1,0.04601831976189131,6.047173950893719,0.2332567123972696,0.06733541284642537,1195,5.873235815476711,-0.5599056891303295,-2.4927336941911786,22.37279385125008,1.474085742358966e-09,0.5726358729863797,False,0.0004956948242302449,False,True
mom_6_2,0.042857483130648286,5.68425008806599,0.2142557324815004,0.061850302411807355,1194,5.866546963563233,-0.49004375621809126,-2.9842138435560646,28.590763606818015,1.3138789611844004e-08,0.5037894278455106,False,0.000292830179459331,False,True
mom_18_1,0.042661435110777496,5.371852198213905,0.19339206211744486,0.055827479561321815,1183,3.2858273170369214,-0.48166996276760465,-2.656982218611302,24.30703629644183,7.793197553951359e-08,0.4277826906672579,False,0.00011717991012582533,False,True
mom_18_2,0.038747858831115305,4.938510390016031,0.17738616550326536,0.051206975201912884,1182,3.2833980325111307,-0.5079910319962531,-2.617970099018807,23.816942250304226,7.872158485078273e-07,0.37016244448084534,False,5.825701485937647e-05,False,True
mom_24_0,0.042661963066885154,5.278900039728544,0.17616977561294345,0.050855833686604436,1178,2.799134100316615,-0.5508341805978668,-2.9677019383142325,28.818275712592587,1.2996167431111871e-07,0.3672386771999095,False,6.535691209118997e-05,False,True
mom_3_0,0.03756898974765589,4.943358210955991,0.15239284401213407,0.04399202475648913,1199,8.504481104668526,-0.5278157818535325,-0.6978832085589916,4.437117274615983,7.678820348466786e-07,0.27495540631872206,False,7.114102965538702e-06,False,True
mom_2_0,0.03584911923712415,4.859036231052712,0.15231933919917673,0.043970805744715305,1200,10.585252154849695,-0.416476451444329,-0.34718671763999437,3.2737709382565203,1.1795854819585117e-06,0.2730683503325514,False,6.019603863792826e-06,False,True
mom_24_1,0.0369403242154804,4.639318765329284,0.11923804124044593,0.03442105760390758,1177,2.7963720370886618,-0.5468740126815881,-3.0925470122448795,30.24618934812157,3.4955952834536674e-06,0.18921129219750582,False,4.316802671662263e-06,False,True
mom_24_2,0.032782923584545064,4.1768475344562574,0.08850106973953341,0.02554805821884473,1176,2.7929444164563826,-0.5253628976328852,-3.34297262154154,35.34535299742654,2.955770007351255e-05,0.11873740309370179,False,8.455242326682004e-07,False,True
mom_3_1,0.03130988012881654,4.210060733932461,0.08631593160263863,0.02491726317306837,1198,8.496660805167693,-0.4982599106588268,-1.7626104603162802,16.077682340274457,2.5530204839308013e-05,0.10769170009902174,False,3.608675750944527e-07,False,True
mom_36_0,0.03297065921634587,4.151241730674008,0.07265746829574628,0.02097440443959291,1166,2.3471697048795783,-0.583807988166168,-3.349176243412938,35.28385135718147,3.306762774091254e-05,0.09074082144775886,False,3.6144767912218683e-07,False,True
mom_36_2,0.027204263185762072,3.4682628612061888,0.04896732581158769,0.014135649369408133,1164,2.342444247308863,-0.4913242024321818,-1.8932201851050596,12.589229052618322,0.0005238346237503855,0.055336117199289894,False,6.039316654305251e-08,False,True
mom_36_1,0.029872473806958837,3.791446948713382,0.0446717751279263,0.012895630697643339,1165,2.3451730326666,-0.5668674637690735,-3.2806122532421025,33.27813936949746,0.00014977214364408908,0.052106181069587004,False,5.967611373621228e-08,False,True
mom_3_2,0.028825995702826786,3.903704612502152,0.004665745853100375,0.001346884812128941,1197,8.4883080597434,-0.6128907488338273,-3.0056344001382302,29.897958454911418,9.47313901313862e-05,0.018867656731130528,False,2.1759204517112057e-09,False,True
mom_2_2,0.02442344275618671,3.4664109097323608,-0.03379650755149528,-0.00975621136626251,1198,10.562889426064338,-0.6057032897565615,-2.2748151817652325,21.039661219451187,0.0005274565025501499,0.0063130248641744035,False,1.1648713094582381e-10,False,True
mom_2_1,0.022010193926311306,3.0732618087291796,-0.06247586827693087,-0.01803522968377082,1199,10.573738011754852,-0.5338998410272824,-1.5660206015524025,15.093949768196346,0.002117326402606645,0.002615044486959949,False,1.482125032676035e-11,False,True
lowvol_60,0.010749715473695581,1.2235749710968822,-0.16016034293984524,-0.046234308554911216,1142,0.6892690777553361,-0.7170187535704582,-0.5316901549758782,2.719391986761895,0.22111260623530882,0.00011499131274635842,False,5.070066925918138e-14,False,False
lowvol_36,0.013530916072537424,1.5441671168777196,-0.1625462879096593,-0.04692307154020811,1166,1.0655045682916424,-0.7771320470787576,-1.4290849335488165,11.3191889009809,0.1225478527409396,6.663353949375662e-05,False,7.326451960419559e-15,False,False
lowvol_24,0.009653782111822967,1.1094857715149213,-0.19758582109678857,-0.05703811349914206,1178,1.511462034239226,-0.8278312190226946,-1.4476508861116615,11.798979677191022,0.2672206791769298,1.192232837737143e-05,False,1.9611048130396214e-16,False,False
lowvol_3,0.012992695880155596,1.9116716349751672,-0.21175257396139935,-0.06112770278910503,1199,9.031123606157557,-0.7794335554627809,-1.8075369308855287,18.72157040757722,0.05591832474220193,4.128064205117068e-06,False,1.4310947974095137e-17,False,False
lowvol_6,0.0072617928732006684,0.9310353157588798,-0.2212650334566739,-0.06387371331423111,1196,4.771719881641699,-0.828919628727276,-1.5348671599568273,13.543033333409841,0.35183529634835864,2.940117211404703e-06,False,9.470646503106603e-18,False,False
lowvol_12,0.00774975636556783,0.9237351120199117,-0.23543805377424676,-0.06796511186202148,1190,2.6302559967677768,-0.8406401001263286,-1.3855363451848965,10.801645830543341,0.3556242463122139,1.5791038615110181e-06,False,3.519259227127132e-18,False,False
rev_6,-0.04986140056406043,-6.364928203732636,-0.4401683801276136,-0.12706566637771963,1196,5.880157612481703,-0.963637325312872,2.3573400655303374,18.812314013678314,1.953810446764237e-10,1.3532829868831767e-08,False,6.942187072205822e-19,False,True
rev_3,-0.03756898974765589,-4.943358210955991,-0.4521676635163402,-0.13052956112500158,1199,8.504481104668525,-0.943547799353034,0.6975514130842095,4.439175155887565,7.678820348466786e-07,1.3924215829863331e-10,False,1.697227332187612e-23,False,True
rev_2,-0.03584911923712415,-4.859036231052712,-0.5434347480932317,-0.1568760990493119,1200,10.585252154849695,-0.9580310698774391,0.3505513857150022,3.374661127245009,1.1795854819585117e-06,1.5258441143186188e-13,False,2.953753039958987e-28,False,True
rev_1,-0.03238735632295812,-4.565479464562676,-0.6452363486262791,-0.18626368978515673,1201,15.392108851254918,-0.9714692810609283,0.03300344918408382,7.746618326104908,4.983539824809924e-06,5.857491848363685e-17,False,2.8717685998747994e-33,False,True
